<highscores>
    <highscore0>
        <name0>Bob</name0>
        <score0>10000</score0>
    </highscore0>
    <highscore1>
        <name1>Hank</name1>
        <score1>9000</score1>
    </highscore1>
    <highscore2>
        <name2>Jo</name2>
        <score2>8000</score2>
    </highscore2>
    <highscore3>
        <name3>John</name3>
        <score3>7000</score3>
    </highscore3>
    <highscore4>
        <name4>Kyle</name4>
        <score4>6000</score4>
    </highscore4>
    <highscore5>
        <name5>Bridget</name5>
        <score5>5000</score5>
    </highscore5>
    <highscore6>
        <name6>Hans</name6>
        <score6>4000</score6>
    </highscore6>
    <highscore7>
        <name7>Traci</name7>
        <score7>3000</score7>
    </highscore7>
    <highscore8>
        <name8>Meg</name8>
        <score8>2000</score8>
    </highscore8>
    <highscore9>
        <name9>You! - 10/9/2009</name9>
        <score9>1700</score9>
    </highscore9>
</highscores>
