<?xml version="1.0" ?>
<!-- Sound files to load into the Sounds Database in Zenilib

For each entry in Sounds:

  1. 'token' should match the name you want to use in C++
  2. 'filepath' should be the path from within 'zenilib/'

Only ogg vorbis is supported.

Stereo sounds are unaffected by positional audio.  They must 
be downmixed to mono if you want them to work with OpenAL's
positional audio functionality.

HOWTO:  To convert between types, or to downmix to mono,
        (1) Open in Audacity, obtainable from http://audacity.sourceforge.net/
              or http://portableapps.com/apps/music_video/audacity_portable
        (2) To the left of the waveform that appears, left-click on effect
              and left-click on Split Stereo Track
        (3) To the left of each of the split waveforms, left-click on effect
              and left-click on Mono
        (4) Go to File->Export As Ogg Vorbis
-->
<Sounds>
  <fury.ogg>
    <filepath>sounds/fury.ogg</filepath>
  </fury.ogg>
  <beeping.ogg>
    <filepath>sounds/beeping.ogg</filepath>
  </beeping.ogg>
  <taunt.ogg>
    <filepath>sounds/taunt.ogg</filepath>
  </taunt.ogg>
  <digging.ogg>
    <filepath>sounds/digging.ogg</filepath>
  </digging.ogg>
  <squirrelSense1.ogg>
    <filepath>sounds/squirrelSense1.ogg</filepath>
  </squirrelSense1.ogg>
  <victory.ogg>
    <filepath>sounds/victory.ogg</filepath>
  </victory.ogg>
  <!--
  <token>
    <filepath>sfx/sound.ogg</filepath>
  </token>
  -->
</Sounds>
