<?xml version="1.0" ?>
<Textures>
  <titleScreen.png>
    <filepath>textures/squirrelSenseImages/titleScreen.png</filepath>
    <tile>0</tile>
  </titleScreen.png>
  <setupScreen.png>
    <filepath>textures/squirrelSenseImages/setupScreen.png</filepath>
    <tile>0</tile>
  </setupScreen.png>
  <gradient.png>
    <filepath>textures/squirrelSenseImages/gradient.png</filepath>
    <tile>0</tile>
  </gradient.png>
  <player1Chip.png>
    <filepath>textures/squirrelSenseImages/player1Chip.png</filepath>
    <tile>0</tile>
  </player1Chip.png>
  <player2Chip.png>
    <filepath>textures/squirrelSenseImages/player2Chip.png</filepath>
    <tile>0</tile>
  </player2Chip.png>
  <player3Chip.png>
    <filepath>textures/squirrelSenseImages/player3Chip.png</filepath>
    <tile>0</tile>
  </player3Chip.png>
  <player4Chip.png>
    <filepath>textures/squirrelSenseImages/player4Chip.png</filepath>
    <tile>0</tile>
  </player4Chip.png>
  <normalSquirrel.png>
    <filepath>textures/squirrels/normalSquirrelSprite/normalSquirrel.png</filepath>
    <tile>0</tile>
  </normalSquirrel.png>
  <fastSquirrel.png>
    <filepath>textures/squirrels/fastSquirrelSprite/fastSquirrel.png</filepath>
    <tile>0</tile>
  </fastSquirrel.png>
  <fatSquirrel.png>
    <filepath>textures/squirrels/fatSquirrelSprite/fatSquirrel.png</filepath>
    <tile>0</tile>
  </fatSquirrel.png>
  <groundSquirrel.png>
    <filepath>textures/squirrels/groundSquirrelSprite/groundSquirrel.png</filepath>
    <tile>0</tile>
  </groundSquirrel.png>
  <flyingSquirrel.png>
    <filepath>textures/squirrels/flyingSquirrelSprite/flyingSquirrel.png</filepath>
    <tile>0</tile>
  </flyingSquirrel.png>
  <aButton.png>
    <filepath>textures/squirrelSenseImages/aButton.png</filepath>
    <tile>0</tile>
  </aButton.png>
  <bButton.png>
    <filepath>textures/squirrelSenseImages/bButton.png</filepath>
    <tile>0</tile>
  </bButton.png>
  <xButton.png>
    <filepath>textures/squirrelSenseImages/xButton.png</filepath>
    <tile>0</tile>
  </xButton.png>
  <controller.png>
    <filepath>textures/squirrelSenseImages/controller.png</filepath>
    <tile>0</tile>
  </controller.png>
  <purpleSquare.png>
    <filepath>textures/squirrelSenseImages/purpleSquare.png</filepath>
    <tile>0</tile>
  </purpleSquare.png>

  <background.png>
    <filepath>textures/background.png</filepath>
    <tile>0</tile>
  </background.png>
  <terrain.png>
    <filepath>textures/squirrelSenseImages/terrain.png</filepath>
    <tile>0</tile>
  </terrain.png>
  <tree.png>
    <filepath>textures/squirrelSenseImages/tree.png</filepath>
    <tile>0</tile>
  </tree.png>
  <baseTree.png>
    <filepath>textures/squirrelSenseImages/baseTree.png</filepath>
    <tile>0</tile>
  </baseTree.png>
  <fullBaseTree.png>
    <filepath>textures/squirrelSenseImages/fullBaseTree.png</filepath>
    <tile>0</tile>
  </fullBaseTree.png>
  <acorn.png>
    <filepath>textures/squirrelSenseImages/acorn.png</filepath>
    <tile>0</tile>
  </acorn.png>
  <superAcorn.png>
    <filepath>textures/squirrelSenseImages/superAcorn.png</filepath>
    <tile>0</tile>
  </superAcorn.png>
  <bar.png>
    <filepath>textures/squirrelSenseImages/bar.png</filepath>
    <tile>0</tile>
  </bar.png>
  
  <squirrelSense.png>
    <filepath>textures/squirrelSenseImages/squirrelSense.png</filepath>
    <tile>0</tile>
  </squirrelSense.png>
  <furryFury.png>
    <filepath>textures/squirrelSenseImages/furryFury.png</filepath>
    <tile>0</tile>
  </furryFury.png>

  <climbNotification.png>
    <filepath>textures/squirrelSenseImages/climbNotification.png</filepath>
    <tile>0</tile>
  </climbNotification.png>
  <yourBaseNotification.png>
    <filepath>textures/squirrelSenseImages/yourBaseNotification.png</filepath>
    <tile>0</tile>
  </yourBaseNotification.png>

  <hudOverlay.png>
    <filepath>textures/squirrelSenseImages/hudOverlay.png</filepath>
    <tile>0</tile>
  </hudOverlay.png>
  <hudOverlay2Player.png>
    <filepath>textures/squirrelSenseImages/hudOverlay2Player.png</filepath>
    <tile>0</tile>
  </hudOverlay2Player.png>

  <test_dirt.png>
    <filepath>textures/squirrelSenseImages/freshDirt.png</filepath>
    <tile>0</tile>
  </test_dirt.png>
  <test_dirt2.png>
    <filepath>textures/squirrelSenseImages/oldDirt.png</filepath>
    <tile>0</tile>
  </test_dirt2.png>
  
  <test_minimap_background.png>
    <filepath>textures/test_minimap_background.png</filepath>
    <tile>0</tile>
  </test_minimap_background.png>
  <test_squirrelBlip.png>
    <filepath>textures/test_squirrelBlip.png</filepath>
    <tile>0</tile>
  </test_squirrelBlip.png>
  <test_squirrelBlipTeamColor.png>
    <filepath>textures/test_squirrelBlipTeamColor.png</filepath>
    <tile>0</tile>
  </test_squirrelBlipTeamColor.png>
  <test_territoryOverlay.png>
    <filepath>textures/test_territoryOverlay2.png</filepath>
    <tile>0</tile>
  </test_territoryOverlay.png>
  <test_treeBlip.png>
    <filepath>textures/test_treeBlip.png</filepath>
    <tile>0</tile>
  </test_treeBlip.png>
  <test_treeBlipTeamColor.png>
    <filepath>textures/test_treeBlipTeamColor.png</filepath>
    <tile>0</tile>
  </test_treeBlipTeamColor.png>

  <acorn_gained.png>
    <filepath>textures/acorn_gained.png</filepath>
    <tile>0</tile>
  </acorn_gained.png>
  <acorn_removed.png>
    <filepath>textures/acorn_removed.png</filepath>
    <tile>0</tile>
  </acorn_removed.png>
  <no_acorns.png>
    <filepath>textures/no_acorns.png</filepath>
    <tile>0</tile>
  </no_acorns.png>
  <cant_do_that.png>
    <filepath>textures/cant_do_that.png</filepath>
    <tile>0</tile>
  </cant_do_that.png>
  
  <goldTrophy>
    <filepath>textures/trophies/goldTrophy.png</filepath>
    <tile>0</tile>
  </goldTrophy>
  <silverTrophy>
    <filepath>textures/trophies/silverTrophy.png</filepath>
    <tile>0</tile>
  </silverTrophy>
  <bronzeTrophy>
    <filepath>textures/trophies/bronzeTrophy.png</filepath>
    <tile>0</tile>
  </bronzeTrophy>
  <normalSquirrelSprite>
    <is_sprite>1</is_sprite>
    <file>
      <filepath>textures/squirrels/normalSquirrelSprite/3.png</filepath>
      <tile>0</tile>
    </file>
    <file>
      <filepath>textures/squirrels/normalSquirrelSprite/2.png</filepath>
      <tile>0</tile>
    </file>
    <file>
      <filepath>textures/squirrels/normalSquirrelSprite/1.png</filepath>
      <tile>0</tile>
    </file>
  </normalSquirrelSprite>
  <fastSquirrelSprite>
    <is_sprite>1</is_sprite>
    <file>
      <filepath>textures/squirrels/fastSquirrelSprite/3.png</filepath>
      <tile>0</tile>
    </file>
    <file>
      <filepath>textures/squirrels/fastSquirrelSprite/2.png</filepath>
      <tile>0</tile>
    </file>
    <file>
      <filepath>textures/squirrels/fastSquirrelSprite/1.png</filepath>
      <tile>0</tile>
    </file>
  </fastSquirrelSprite>
  <fatSquirrelSprite>
    <is_sprite>1</is_sprite>
    <file>
      <filepath>textures/squirrels/fatSquirrelSprite/3.png</filepath>
      <tile>0</tile>
    </file>
    <file>
      <filepath>textures/squirrels/fatSquirrelSprite/2.png</filepath>
      <tile>0</tile>
    </file>
    <file>
      <filepath>textures/squirrels/fatSquirrelSprite/1.png</filepath>
      <tile>0</tile>
    </file>
  </fatSquirrelSprite>
  <groundSquirrelSprite>
    <is_sprite>1</is_sprite>
    <file>
      <filepath>textures/squirrels/groundSquirrelSprite/3.png</filepath>
      <tile>0</tile>
    </file>
    <file>
      <filepath>textures/squirrels/groundSquirrelSprite/2.png</filepath>
      <tile>0</tile>
    </file>
    <file>
      <filepath>textures/squirrels/groundSquirrelSprite/1.png</filepath>
      <tile>0</tile>
    </file>
  </groundSquirrelSprite>
  <flyingSquirrelSprite>
    <is_sprite>1</is_sprite>
    <file>
      <filepath>textures/squirrels/flyingSquirrelSprite/3.png</filepath>
      <tile>0</tile>
    </file>
    <file>
      <filepath>textures/squirrels/flyingSquirrelSprite/2.png</filepath>
      <tile>0</tile>
    </file>
    <file>
      <filepath>textures/squirrels/flyingSquirrelSprite/1.png</filepath>
      <tile>0</tile>
    </file>
  </flyingSquirrelSprite>
</Textures>
