<?xml version="1.0" ?>
<!-- Images to load into the Textures Database in Zenilib
     Sprites to build in the Textures Database in Zenilib

For each Texture entry in Textures:

  1. 'token' should match the name you want to use in C++
  2. 'is_sprite' should 0 (or absent [deprecated])
  3. 'filepath' should be the path from within 'zenilib/'
  4. 'tile' should be 0 for best quality if tiling is unnecessary
     'tile' should be 1 to enable tiling
       
     If 'tile' is 1 and tiling is not desired, floating point
     error can make things look worse at the edges of tiles.

For each Sprite entry in Textures:

  1. 'sprite_token' should match the name you want to use in C++
  2. 'is_sprite' should be 1
  3. 'token's should be the tokens of existing Textures
     'file's should be standard Texture entries (see above)
       the 'token' for the frame will be 'sprite_token/frame_number'
     
     All 'token's must have been defined earlier in the file.
     'token's defined later in the file will be ignored.

The following formats are supported:

  1. PNG is supported with 8 bits per channel.
  2. BMP is fully supported AFAIK.
  3. TIFF is supported with 8 bits per channel.
     TIFF supports deflate and JPEG compression.

The following things are unsupported:

  1. JPEG and GIF images
  2. Indexed color
  3. Indexed transparency
  4. Anything other than 8 bits per channel
-->
<Textures>
  <gameBackground>
    <is_sprite>0</is_sprite>
    <filepath>textures/background.png</filepath>
    <tile>0</tile>
  </gameBackground>
  <clearStageBackground>
    <is_sprite>0</is_sprite>
    <filepath>textures/clearStageBackground.png</filepath>
    <tile>0</tile>
  </clearStageBackground>
  <gameOverBackground>
    <is_sprite>0</is_sprite>
    <filepath>textures/gameOverBackground.png</filepath>
    <tile>0</tile>
  </gameOverBackground>
  <instructions>
    <is_sprite>0</is_sprite>
    <filepath>textures/instructions.png</filepath>
    <tile>0</tile>
  </instructions>
  <mainCharacter>
    <is_sprite>0</is_sprite>
    <filepath>textures/mainCharacter.png</filepath>
    <tile>0</tile>
  </mainCharacter>
  <cloud>
    <is_sprite>0</is_sprite>
    <filepath>textures/cloud.png</filepath>
    <tile>0</tile>
  </cloud>
  <apple>
    <is_sprite>0</is_sprite>
    <filepath>textures/apple.png</filepath>
    <tile>0</tile>
  </apple>
  <steak>
    <is_sprite>0</is_sprite>
    <filepath>textures/steak.png</filepath>
    <tile>0</tile>
  </steak>
  <cake>
    <is_sprite>0</is_sprite>
    <filepath>textures/cake.png</filepath>
    <tile>0</tile>
  </cake>
  <lives3>
    <is_sprite>0</is_sprite>
    <filepath>textures/3lives.png</filepath>
    <tile>0</tile>
  </lives3>
  <lives2>
    <is_sprite>0</is_sprite>
    <filepath>textures/2lives.png</filepath>
    <tile>0</tile>
  </lives2>
  <lives1>
    <is_sprite>0</is_sprite>
    <filepath>textures/1lives.png</filepath>
    <tile>0</tile>
  </lives1>
  <lives0>
    <is_sprite>0</is_sprite>
    <filepath>textures/0lives.png</filepath>
    <tile>0</tile>
  </lives0>
  <!--
  <one>
    <is_sprite>0</is_sprite>
    <filepath>textures/one.png</filepath>
    <tile>0</tile>
  </one>
  <three>
    <is_sprite>0</is_sprite>
    <filepath>textures/three.png</filepath>
    <tile>0</tile>
  </three>
  <sprite_token>
    <is_sprite>1</is_sprite>
    <token>one</token>
    <file>
      <filepath>textures/two.png</filepath>
      <tile>0</tile>
    </file>
    <token>three</token>
    <file>
      <filepath>textures/four.png</filepath>
      <tile>0</tile>
    </file>
  </sprite_token>
  -->
</Textures>
